Power,Theoretical,Simulated
0.002,6.53628789959995,7.932197990415712
0.004,5.091388684083639,5.9136406089796125
0.006,4.78554950166476,6.016402580437014
0.008,4.668925647449954,5.795065385027932
